,image,timepoint,scanner,algorithm,type
0,../../analyses/01_GE/sienax/t1/I2std.png,1,GE,sienax,std
1,../../analyses/01_GE/sienax/t1/I_masks.png,1,GE,sienax,masks
2,../../analyses/01_GE/sienax/t1/I_vent_render.png,1,GE,sienax,vent_render
3,../../analyses/01_GE/sienax/t1/I_render.png,1,GE,sienax,render
4,../../analyses/01_GE/sienax/t1/I_bet.png,1,GE,sienax,bet
5,../../analyses/01_GE/sienax/t1/I_periph_render.png,1,GE,sienax,periph_render
6,../../analyses/01_Ph/sienax/t1/I_vent_render.png,1,Ph,sienax,vent_render
7,../../analyses/01_Ph/sienax/t1/I_bet.png,1,Ph,sienax,bet
8,../../analyses/01_Ph/sienax/t1/I_render.png,1,Ph,sienax,render
9,../../analyses/01_Ph/sienax/t1/I_masks.png,1,Ph,sienax,masks
10,../../analyses/01_Ph/sienax/t1/I2std.png,1,Ph,sienax,std
11,../../analyses/01_Ph/sienax/t1/I_periph_render.png,1,Ph,sienax,periph_render
12,../../analyses/01_Si/sienax/t1/I_render.png,1,Si,sienax,render
13,../../analyses/01_Si/sienax/t1/I_periph_render.png,1,Si,sienax,periph_render
14,../../analyses/01_Si/sienax/t1/I2std.png,1,Si,sienax,std
15,../../analyses/01_Si/sienax/t1/I_bet.png,1,Si,sienax,bet
16,../../analyses/01_Si/sienax/t1/I_masks.png,1,Si,sienax,masks
17,../../analyses/01_Si/sienax/t1/I_vent_render.png,1,Si,sienax,vent_render
18,../../analyses/02_GE/sienax/t1/I_periph_render.png,2,GE,sienax,periph_render
19,../../analyses/02_GE/sienax/t1/I_masks.png,2,GE,sienax,masks
20,../../analyses/02_GE/sienax/t1/I_bet.png,2,GE,sienax,bet
21,../../analyses/02_GE/sienax/t1/I2std.png,2,GE,sienax,std
22,../../analyses/02_GE/sienax/t1/I_vent_render.png,2,GE,sienax,vent_render
23,../../analyses/02_GE/sienax/t1/I_render.png,2,GE,sienax,render
24,../../analyses/02_Ph/sienax/t1/I_periph_render.png,2,Ph,sienax,periph_render
25,../../analyses/02_Ph/sienax/t1/I_masks.png,2,Ph,sienax,masks
26,../../analyses/02_Ph/sienax/t1/I2std.png,2,Ph,sienax,std
27,../../analyses/02_Ph/sienax/t1/I_vent_render.png,2,Ph,sienax,vent_render
28,../../analyses/02_Ph/sienax/t1/I_bet.png,2,Ph,sienax,bet
29,../../analyses/02_Ph/sienax/t1/I_render.png,2,Ph,sienax,render
30,../../analyses/02_Si/sienax/t1/I2std.png,2,Si,sienax,std
31,../../analyses/02_Si/sienax/t1/I_periph_render.png,2,Si,sienax,periph_render
32,../../analyses/02_Si/sienax/t1/I_render.png,2,Si,sienax,render
33,../../analyses/02_Si/sienax/t1/I_masks.png,2,Si,sienax,masks
34,../../analyses/02_Si/sienax/t1/I_vent_render.png,2,Si,sienax,vent_render
35,../../analyses/02_Si/sienax/t1/I_bet.png,2,Si,sienax,bet
36,../../analyses/03_GE/sienax/t1/I_render.png,3,GE,sienax,render
37,../../analyses/03_GE/sienax/t1/I_periph_render.png,3,GE,sienax,periph_render
38,../../analyses/03_GE/sienax/t1/I_bet.png,3,GE,sienax,bet
39,../../analyses/03_GE/sienax/t1/I_vent_render.png,3,GE,sienax,vent_render
40,../../analyses/03_GE/sienax/t1/I_masks.png,3,GE,sienax,masks
41,../../analyses/03_GE/sienax/t1/I2std.png,3,GE,sienax,std
42,../../analyses/03_Ph/sienax/t1/I_periph_render.png,3,Ph,sienax,periph_render
43,../../analyses/03_Ph/sienax/t1/I_bet.png,3,Ph,sienax,bet
44,../../analyses/03_Ph/sienax/t1/I_render.png,3,Ph,sienax,render
45,../../analyses/03_Ph/sienax/t1/I_vent_render.png,3,Ph,sienax,vent_render
46,../../analyses/03_Ph/sienax/t1/I2std.png,3,Ph,sienax,std
47,../../analyses/03_Ph/sienax/t1/I_masks.png,3,Ph,sienax,masks
48,../../analyses/03_Si/sienax/t1/I2std.png,3,Si,sienax,std
49,../../analyses/03_Si/sienax/t1/I_masks.png,3,Si,sienax,masks
50,../../analyses/03_Si/sienax/t1/I_bet.png,3,Si,sienax,bet
51,../../analyses/03_Si/sienax/t1/I_render.png,3,Si,sienax,render
52,../../analyses/03_Si/sienax/t1/I_vent_render.png,3,Si,sienax,vent_render
53,../../analyses/03_Si/sienax/t1/I_periph_render.png,3,Si,sienax,periph_render
54,../../analyses/04_GE/sienax/t1/I_vent_render.png,4,GE,sienax,vent_render
55,../../analyses/04_GE/sienax/t1/I_render.png,4,GE,sienax,render
56,../../analyses/04_GE/sienax/t1/I_periph_render.png,4,GE,sienax,periph_render
57,../../analyses/04_GE/sienax/t1/I_bet.png,4,GE,sienax,bet
58,../../analyses/04_GE/sienax/t1/I2std.png,4,GE,sienax,std
59,../../analyses/04_GE/sienax/t1/I_masks.png,4,GE,sienax,masks
60,../../analyses/04_Ph/sienax/t1/I_vent_render.png,4,Ph,sienax,vent_render
61,../../analyses/04_Ph/sienax/t1/I_render.png,4,Ph,sienax,render
62,../../analyses/04_Ph/sienax/t1/I_periph_render.png,4,Ph,sienax,periph_render
63,../../analyses/04_Ph/sienax/t1/I2std.png,4,Ph,sienax,std
64,../../analyses/04_Ph/sienax/t1/I_masks.png,4,Ph,sienax,masks
65,../../analyses/04_Ph/sienax/t1/I_bet.png,4,Ph,sienax,bet
66,../../analyses/04_Si/sienax/t1/I_periph_render.png,4,Si,sienax,periph_render
67,../../analyses/04_Si/sienax/t1/I2std.png,4,Si,sienax,std
68,../../analyses/04_Si/sienax/t1/I_render.png,4,Si,sienax,render
69,../../analyses/04_Si/sienax/t1/I_vent_render.png,4,Si,sienax,vent_render
70,../../analyses/04_Si/sienax/t1/I_masks.png,4,Si,sienax,masks
71,../../analyses/04_Si/sienax/t1/I_bet.png,4,Si,sienax,bet
72,../../analyses/05_GE/sienax/t1/I_periph_render.png,5,GE,sienax,periph_render
73,../../analyses/05_GE/sienax/t1/I_bet.png,5,GE,sienax,bet
74,../../analyses/05_GE/sienax/t1/I_render.png,5,GE,sienax,render
75,../../analyses/05_GE/sienax/t1/I_vent_render.png,5,GE,sienax,vent_render
76,../../analyses/05_GE/sienax/t1/I_masks.png,5,GE,sienax,masks
77,../../analyses/05_GE/sienax/t1/I2std.png,5,GE,sienax,std
78,../../analyses/05_Ph/sienax/t1/I_vent_render.png,5,Ph,sienax,vent_render
79,../../analyses/05_Ph/sienax/t1/I_periph_render.png,5,Ph,sienax,periph_render
80,../../analyses/05_Ph/sienax/t1/I2std.png,5,Ph,sienax,std
81,../../analyses/05_Ph/sienax/t1/I_bet.png,5,Ph,sienax,bet
82,../../analyses/05_Ph/sienax/t1/I_render.png,5,Ph,sienax,render
83,../../analyses/05_Ph/sienax/t1/I_masks.png,5,Ph,sienax,masks
84,../../analyses/06_GE/sienax/t1/I_vent_render.png,6,GE,sienax,vent_render
85,../../analyses/06_GE/sienax/t1/I_render.png,6,GE,sienax,render
86,../../analyses/06_GE/sienax/t1/I_bet.png,6,GE,sienax,bet
87,../../analyses/06_GE/sienax/t1/I_periph_render.png,6,GE,sienax,periph_render
88,../../analyses/06_GE/sienax/t1/I2std.png,6,GE,sienax,std
89,../../analyses/06_GE/sienax/t1/I_masks.png,6,GE,sienax,masks
90,../../analyses/06_Si/sienax/t1/I_masks.png,6,Si,sienax,masks
91,../../analyses/06_Si/sienax/t1/I2std.png,6,Si,sienax,std
92,../../analyses/06_Si/sienax/t1/I_vent_render.png,6,Si,sienax,vent_render
93,../../analyses/06_Si/sienax/t1/I_periph_render.png,6,Si,sienax,periph_render
94,../../analyses/06_Si/sienax/t1/I_render.png,6,Si,sienax,render
95,../../analyses/06_Si/sienax/t1/I_bet.png,6,Si,sienax,bet
96,../../analyses/siena/01_02_GE/A_and_B.gif,01_02,GE,siena,A_and_B
97,../../analyses/siena/01_02_GE/A_bet.png,01_02,GE,siena,A_bet
98,../../analyses/siena/01_02_GE/A_halfwayto_B_brain_seg.png,01_02,GE,siena,A_halfwayto_B_brain_seg
99,../../analyses/siena/01_02_GE/A_halfwayto_B_render.png,01_02,GE,siena,A_halfwayto_B_render
100,../../analyses/siena/01_02_GE/A_valid_mask_with_B.png,01_02,GE,siena,A_valid_mask_with_B
101,../../analyses/siena/01_02_GE/B_bet.png,01_02,GE,siena,B_bet
102,../../analyses/siena/01_02_GE/B_halfwayto_A_brain_seg.png,01_02,GE,siena,B_halfwayto_A_brain_seg
103,../../analyses/siena/01_02_GE/B_valid_mask_with_A.png,01_02,GE,siena,B_valid_mask_with_A
104,../../analyses/siena/01_02_Ph/A_and_B.gif,01_02,Ph,siena,A_and_B
105,../../analyses/siena/01_02_Ph/A_bet.png,01_02,Ph,siena,A_bet
106,../../analyses/siena/01_02_Ph/A_halfwayto_B_brain_seg.png,01_02,Ph,siena,A_halfwayto_B_brain_seg
107,../../analyses/siena/01_02_Ph/A_halfwayto_B_render.png,01_02,Ph,siena,A_halfwayto_B_render
108,../../analyses/siena/01_02_Ph/A_valid_mask_with_B.png,01_02,Ph,siena,A_valid_mask_with_B
109,../../analyses/siena/01_02_Ph/B_bet.png,01_02,Ph,siena,B_bet
110,../../analyses/siena/01_02_Ph/B_halfwayto_A_brain_seg.png,01_02,Ph,siena,B_halfwayto_A_brain_seg
111,../../analyses/siena/01_02_Ph/B_valid_mask_with_A.png,01_02,Ph,siena,B_valid_mask_with_A
112,../../analyses/siena/01_02_Si/A_and_B.gif,01_02,Si,siena,A_and_B
113,../../analyses/siena/01_02_Si/A_bet.png,01_02,Si,siena,A_bet
114,../../analyses/siena/01_02_Si/A_halfwayto_B_brain_seg.png,01_02,Si,siena,A_halfwayto_B_brain_seg
115,../../analyses/siena/01_02_Si/A_halfwayto_B_render.png,01_02,Si,siena,A_halfwayto_B_render
116,../../analyses/siena/01_02_Si/A_valid_mask_with_B.png,01_02,Si,siena,A_valid_mask_with_B
117,../../analyses/siena/01_02_Si/B_bet.png,01_02,Si,siena,B_bet
118,../../analyses/siena/01_02_Si/B_halfwayto_A_brain_seg.png,01_02,Si,siena,B_halfwayto_A_brain_seg
119,../../analyses/siena/01_02_Si/B_valid_mask_with_A.png,01_02,Si,siena,B_valid_mask_with_A
120,../../analyses/siena/01_03_GE/A_and_B.gif,01_03,GE,siena,A_and_B
121,../../analyses/siena/01_03_GE/A_bet.png,01_03,GE,siena,A_bet
122,../../analyses/siena/01_03_GE/A_halfwayto_B_brain_seg.png,01_03,GE,siena,A_halfwayto_B_brain_seg
123,../../analyses/siena/01_03_GE/A_halfwayto_B_render.png,01_03,GE,siena,A_halfwayto_B_render
124,../../analyses/siena/01_03_GE/A_valid_mask_with_B.png,01_03,GE,siena,A_valid_mask_with_B
125,../../analyses/siena/01_03_GE/B_bet.png,01_03,GE,siena,B_bet
126,../../analyses/siena/01_03_GE/B_halfwayto_A_brain_seg.png,01_03,GE,siena,B_halfwayto_A_brain_seg
127,../../analyses/siena/01_03_GE/B_valid_mask_with_A.png,01_03,GE,siena,B_valid_mask_with_A
128,../../analyses/siena/01_03_Ph/A_and_B.gif,01_03,Ph,siena,A_and_B
129,../../analyses/siena/01_03_Ph/A_bet.png,01_03,Ph,siena,A_bet
130,../../analyses/siena/01_03_Ph/A_halfwayto_B_brain_seg.png,01_03,Ph,siena,A_halfwayto_B_brain_seg
131,../../analyses/siena/01_03_Ph/A_halfwayto_B_render.png,01_03,Ph,siena,A_halfwayto_B_render
132,../../analyses/siena/01_03_Ph/A_valid_mask_with_B.png,01_03,Ph,siena,A_valid_mask_with_B
133,../../analyses/siena/01_03_Ph/B_bet.png,01_03,Ph,siena,B_bet
134,../../analyses/siena/01_03_Ph/B_halfwayto_A_brain_seg.png,01_03,Ph,siena,B_halfwayto_A_brain_seg
135,../../analyses/siena/01_03_Ph/B_valid_mask_with_A.png,01_03,Ph,siena,B_valid_mask_with_A
136,../../analyses/siena/01_03_Si/A_and_B.gif,01_03,Si,siena,A_and_B
137,../../analyses/siena/01_03_Si/A_bet.png,01_03,Si,siena,A_bet
138,../../analyses/siena/01_03_Si/A_halfwayto_B_brain_seg.png,01_03,Si,siena,A_halfwayto_B_brain_seg
139,../../analyses/siena/01_03_Si/A_halfwayto_B_render.png,01_03,Si,siena,A_halfwayto_B_render
140,../../analyses/siena/01_03_Si/A_valid_mask_with_B.png,01_03,Si,siena,A_valid_mask_with_B
141,../../analyses/siena/01_03_Si/B_bet.png,01_03,Si,siena,B_bet
142,../../analyses/siena/01_03_Si/B_halfwayto_A_brain_seg.png,01_03,Si,siena,B_halfwayto_A_brain_seg
143,../../analyses/siena/01_03_Si/B_valid_mask_with_A.png,01_03,Si,siena,B_valid_mask_with_A
144,../../analyses/siena/01_04_GE/A_and_B.gif,01_04,GE,siena,A_and_B
145,../../analyses/siena/01_04_GE/A_bet.png,01_04,GE,siena,A_bet
146,../../analyses/siena/01_04_GE/A_halfwayto_B_brain_seg.png,01_04,GE,siena,A_halfwayto_B_brain_seg
147,../../analyses/siena/01_04_GE/A_halfwayto_B_render.png,01_04,GE,siena,A_halfwayto_B_render
148,../../analyses/siena/01_04_GE/A_valid_mask_with_B.png,01_04,GE,siena,A_valid_mask_with_B
149,../../analyses/siena/01_04_GE/B_bet.png,01_04,GE,siena,B_bet
150,../../analyses/siena/01_04_GE/B_halfwayto_A_brain_seg.png,01_04,GE,siena,B_halfwayto_A_brain_seg
151,../../analyses/siena/01_04_GE/B_valid_mask_with_A.png,01_04,GE,siena,B_valid_mask_with_A
152,../../analyses/siena/01_04_Ph/A_and_B.gif,01_04,Ph,siena,A_and_B
153,../../analyses/siena/01_04_Ph/A_bet.png,01_04,Ph,siena,A_bet
154,../../analyses/siena/01_04_Ph/A_halfwayto_B_brain_seg.png,01_04,Ph,siena,A_halfwayto_B_brain_seg
155,../../analyses/siena/01_04_Ph/A_halfwayto_B_render.png,01_04,Ph,siena,A_halfwayto_B_render
156,../../analyses/siena/01_04_Ph/A_valid_mask_with_B.png,01_04,Ph,siena,A_valid_mask_with_B
157,../../analyses/siena/01_04_Ph/B_bet.png,01_04,Ph,siena,B_bet
158,../../analyses/siena/01_04_Ph/B_halfwayto_A_brain_seg.png,01_04,Ph,siena,B_halfwayto_A_brain_seg
159,../../analyses/siena/01_04_Ph/B_valid_mask_with_A.png,01_04,Ph,siena,B_valid_mask_with_A
160,../../analyses/siena/01_04_Si/A_and_B.gif,01_04,Si,siena,A_and_B
161,../../analyses/siena/01_04_Si/A_bet.png,01_04,Si,siena,A_bet
162,../../analyses/siena/01_04_Si/A_halfwayto_B_brain_seg.png,01_04,Si,siena,A_halfwayto_B_brain_seg
163,../../analyses/siena/01_04_Si/A_halfwayto_B_render.png,01_04,Si,siena,A_halfwayto_B_render
164,../../analyses/siena/01_04_Si/A_valid_mask_with_B.png,01_04,Si,siena,A_valid_mask_with_B
165,../../analyses/siena/01_04_Si/B_bet.png,01_04,Si,siena,B_bet
166,../../analyses/siena/01_04_Si/B_halfwayto_A_brain_seg.png,01_04,Si,siena,B_halfwayto_A_brain_seg
167,../../analyses/siena/01_04_Si/B_valid_mask_with_A.png,01_04,Si,siena,B_valid_mask_with_A
168,../../analyses/siena/01_05_GE/A_and_B.gif,01_05,GE,siena,A_and_B
169,../../analyses/siena/01_05_GE/A_bet.png,01_05,GE,siena,A_bet
170,../../analyses/siena/01_05_GE/A_halfwayto_B_brain_seg.png,01_05,GE,siena,A_halfwayto_B_brain_seg
171,../../analyses/siena/01_05_GE/A_halfwayto_B_render.png,01_05,GE,siena,A_halfwayto_B_render
172,../../analyses/siena/01_05_GE/A_valid_mask_with_B.png,01_05,GE,siena,A_valid_mask_with_B
173,../../analyses/siena/01_05_GE/B_bet.png,01_05,GE,siena,B_bet
174,../../analyses/siena/01_05_GE/B_halfwayto_A_brain_seg.png,01_05,GE,siena,B_halfwayto_A_brain_seg
175,../../analyses/siena/01_05_GE/B_valid_mask_with_A.png,01_05,GE,siena,B_valid_mask_with_A
176,../../analyses/siena/01_05_Ph/A_and_B.gif,01_05,Ph,siena,A_and_B
177,../../analyses/siena/01_05_Ph/A_bet.png,01_05,Ph,siena,A_bet
178,../../analyses/siena/01_05_Ph/A_halfwayto_B_brain_seg.png,01_05,Ph,siena,A_halfwayto_B_brain_seg
179,../../analyses/siena/01_05_Ph/A_halfwayto_B_render.png,01_05,Ph,siena,A_halfwayto_B_render
180,../../analyses/siena/01_05_Ph/A_valid_mask_with_B.png,01_05,Ph,siena,A_valid_mask_with_B
181,../../analyses/siena/01_05_Ph/B_bet.png,01_05,Ph,siena,B_bet
182,../../analyses/siena/01_05_Ph/B_halfwayto_A_brain_seg.png,01_05,Ph,siena,B_halfwayto_A_brain_seg
183,../../analyses/siena/01_05_Ph/B_valid_mask_with_A.png,01_05,Ph,siena,B_valid_mask_with_A
184,../../analyses/siena/01_06_GE/A_and_B.gif,01_06,GE,siena,A_and_B
185,../../analyses/siena/01_06_GE/A_bet.png,01_06,GE,siena,A_bet
186,../../analyses/siena/01_06_GE/A_halfwayto_B_brain_seg.png,01_06,GE,siena,A_halfwayto_B_brain_seg
187,../../analyses/siena/01_06_GE/A_halfwayto_B_render.png,01_06,GE,siena,A_halfwayto_B_render
188,../../analyses/siena/01_06_GE/A_valid_mask_with_B.png,01_06,GE,siena,A_valid_mask_with_B
189,../../analyses/siena/01_06_GE/B_bet.png,01_06,GE,siena,B_bet
190,../../analyses/siena/01_06_GE/B_halfwayto_A_brain_seg.png,01_06,GE,siena,B_halfwayto_A_brain_seg
191,../../analyses/siena/01_06_GE/B_valid_mask_with_A.png,01_06,GE,siena,B_valid_mask_with_A
192,../../analyses/siena/01_06_Si/A_and_B.gif,01_06,Si,siena,A_and_B
193,../../analyses/siena/01_06_Si/A_bet.png,01_06,Si,siena,A_bet
194,../../analyses/siena/01_06_Si/A_halfwayto_B_brain_seg.png,01_06,Si,siena,A_halfwayto_B_brain_seg
195,../../analyses/siena/01_06_Si/A_halfwayto_B_render.png,01_06,Si,siena,A_halfwayto_B_render
196,../../analyses/siena/01_06_Si/A_valid_mask_with_B.png,01_06,Si,siena,A_valid_mask_with_B
197,../../analyses/siena/01_06_Si/B_bet.png,01_06,Si,siena,B_bet
198,../../analyses/siena/01_06_Si/B_halfwayto_A_brain_seg.png,01_06,Si,siena,B_halfwayto_A_brain_seg
199,../../analyses/siena/01_06_Si/B_valid_mask_with_A.png,01_06,Si,siena,B_valid_mask_with_A
200,../../analyses/siena/02_01_GE/A_and_B.gif,02_01,GE,siena,A_and_B
201,../../analyses/siena/02_01_GE/A_bet.png,02_01,GE,siena,A_bet
202,../../analyses/siena/02_01_GE/A_halfwayto_B_brain_seg.png,02_01,GE,siena,A_halfwayto_B_brain_seg
203,../../analyses/siena/02_01_GE/A_halfwayto_B_render.png,02_01,GE,siena,A_halfwayto_B_render
204,../../analyses/siena/02_01_GE/A_valid_mask_with_B.png,02_01,GE,siena,A_valid_mask_with_B
205,../../analyses/siena/02_01_GE/B_bet.png,02_01,GE,siena,B_bet
206,../../analyses/siena/02_01_GE/B_halfwayto_A_brain_seg.png,02_01,GE,siena,B_halfwayto_A_brain_seg
207,../../analyses/siena/02_01_GE/B_valid_mask_with_A.png,02_01,GE,siena,B_valid_mask_with_A
208,../../analyses/siena/02_01_Ph/A_and_B.gif,02_01,Ph,siena,A_and_B
209,../../analyses/siena/02_01_Ph/A_bet.png,02_01,Ph,siena,A_bet
210,../../analyses/siena/02_01_Ph/A_halfwayto_B_brain_seg.png,02_01,Ph,siena,A_halfwayto_B_brain_seg
211,../../analyses/siena/02_01_Ph/A_halfwayto_B_render.png,02_01,Ph,siena,A_halfwayto_B_render
212,../../analyses/siena/02_01_Ph/A_valid_mask_with_B.png,02_01,Ph,siena,A_valid_mask_with_B
213,../../analyses/siena/02_01_Ph/B_bet.png,02_01,Ph,siena,B_bet
214,../../analyses/siena/02_01_Ph/B_halfwayto_A_brain_seg.png,02_01,Ph,siena,B_halfwayto_A_brain_seg
215,../../analyses/siena/02_01_Ph/B_valid_mask_with_A.png,02_01,Ph,siena,B_valid_mask_with_A
216,../../analyses/siena/02_01_Si/A_and_B.gif,02_01,Si,siena,A_and_B
217,../../analyses/siena/02_01_Si/A_bet.png,02_01,Si,siena,A_bet
218,../../analyses/siena/02_01_Si/A_halfwayto_B_brain_seg.png,02_01,Si,siena,A_halfwayto_B_brain_seg
219,../../analyses/siena/02_01_Si/A_halfwayto_B_render.png,02_01,Si,siena,A_halfwayto_B_render
220,../../analyses/siena/02_01_Si/A_valid_mask_with_B.png,02_01,Si,siena,A_valid_mask_with_B
221,../../analyses/siena/02_01_Si/B_bet.png,02_01,Si,siena,B_bet
222,../../analyses/siena/02_01_Si/B_halfwayto_A_brain_seg.png,02_01,Si,siena,B_halfwayto_A_brain_seg
223,../../analyses/siena/02_01_Si/B_valid_mask_with_A.png,02_01,Si,siena,B_valid_mask_with_A
224,../../analyses/siena/02_03_GE/A_and_B.gif,02_03,GE,siena,A_and_B
225,../../analyses/siena/02_03_GE/A_bet.png,02_03,GE,siena,A_bet
226,../../analyses/siena/02_03_GE/A_halfwayto_B_brain_seg.png,02_03,GE,siena,A_halfwayto_B_brain_seg
227,../../analyses/siena/02_03_GE/A_halfwayto_B_render.png,02_03,GE,siena,A_halfwayto_B_render
228,../../analyses/siena/02_03_GE/A_valid_mask_with_B.png,02_03,GE,siena,A_valid_mask_with_B
229,../../analyses/siena/02_03_GE/B_bet.png,02_03,GE,siena,B_bet
230,../../analyses/siena/02_03_GE/B_halfwayto_A_brain_seg.png,02_03,GE,siena,B_halfwayto_A_brain_seg
231,../../analyses/siena/02_03_GE/B_valid_mask_with_A.png,02_03,GE,siena,B_valid_mask_with_A
232,../../analyses/siena/02_03_Ph/A_and_B.gif,02_03,Ph,siena,A_and_B
233,../../analyses/siena/02_03_Ph/A_bet.png,02_03,Ph,siena,A_bet
234,../../analyses/siena/02_03_Ph/A_halfwayto_B_brain_seg.png,02_03,Ph,siena,A_halfwayto_B_brain_seg
235,../../analyses/siena/02_03_Ph/A_halfwayto_B_render.png,02_03,Ph,siena,A_halfwayto_B_render
236,../../analyses/siena/02_03_Ph/A_valid_mask_with_B.png,02_03,Ph,siena,A_valid_mask_with_B
237,../../analyses/siena/02_03_Ph/B_bet.png,02_03,Ph,siena,B_bet
238,../../analyses/siena/02_03_Ph/B_halfwayto_A_brain_seg.png,02_03,Ph,siena,B_halfwayto_A_brain_seg
239,../../analyses/siena/02_03_Ph/B_valid_mask_with_A.png,02_03,Ph,siena,B_valid_mask_with_A
240,../../analyses/siena/02_03_Si/A_and_B.gif,02_03,Si,siena,A_and_B
241,../../analyses/siena/02_03_Si/A_bet.png,02_03,Si,siena,A_bet
242,../../analyses/siena/02_03_Si/A_halfwayto_B_brain_seg.png,02_03,Si,siena,A_halfwayto_B_brain_seg
243,../../analyses/siena/02_03_Si/A_halfwayto_B_render.png,02_03,Si,siena,A_halfwayto_B_render
244,../../analyses/siena/02_03_Si/A_valid_mask_with_B.png,02_03,Si,siena,A_valid_mask_with_B
245,../../analyses/siena/02_03_Si/B_bet.png,02_03,Si,siena,B_bet
246,../../analyses/siena/02_03_Si/B_halfwayto_A_brain_seg.png,02_03,Si,siena,B_halfwayto_A_brain_seg
247,../../analyses/siena/02_03_Si/B_valid_mask_with_A.png,02_03,Si,siena,B_valid_mask_with_A
248,../../analyses/siena/02_04_GE/A_and_B.gif,02_04,GE,siena,A_and_B
249,../../analyses/siena/02_04_GE/A_bet.png,02_04,GE,siena,A_bet
250,../../analyses/siena/02_04_GE/A_halfwayto_B_brain_seg.png,02_04,GE,siena,A_halfwayto_B_brain_seg
251,../../analyses/siena/02_04_GE/A_halfwayto_B_render.png,02_04,GE,siena,A_halfwayto_B_render
252,../../analyses/siena/02_04_GE/A_valid_mask_with_B.png,02_04,GE,siena,A_valid_mask_with_B
253,../../analyses/siena/02_04_GE/B_bet.png,02_04,GE,siena,B_bet
254,../../analyses/siena/02_04_GE/B_halfwayto_A_brain_seg.png,02_04,GE,siena,B_halfwayto_A_brain_seg
255,../../analyses/siena/02_04_GE/B_valid_mask_with_A.png,02_04,GE,siena,B_valid_mask_with_A
256,../../analyses/siena/02_04_Ph/A_and_B.gif,02_04,Ph,siena,A_and_B
257,../../analyses/siena/02_04_Ph/A_bet.png,02_04,Ph,siena,A_bet
258,../../analyses/siena/02_04_Ph/A_halfwayto_B_brain_seg.png,02_04,Ph,siena,A_halfwayto_B_brain_seg
259,../../analyses/siena/02_04_Ph/A_halfwayto_B_render.png,02_04,Ph,siena,A_halfwayto_B_render
260,../../analyses/siena/02_04_Ph/A_valid_mask_with_B.png,02_04,Ph,siena,A_valid_mask_with_B
261,../../analyses/siena/02_04_Ph/B_bet.png,02_04,Ph,siena,B_bet
262,../../analyses/siena/02_04_Ph/B_halfwayto_A_brain_seg.png,02_04,Ph,siena,B_halfwayto_A_brain_seg
263,../../analyses/siena/02_04_Ph/B_valid_mask_with_A.png,02_04,Ph,siena,B_valid_mask_with_A
264,../../analyses/siena/02_04_Si/A_and_B.gif,02_04,Si,siena,A_and_B
265,../../analyses/siena/02_04_Si/A_bet.png,02_04,Si,siena,A_bet
266,../../analyses/siena/02_04_Si/A_halfwayto_B_brain_seg.png,02_04,Si,siena,A_halfwayto_B_brain_seg
267,../../analyses/siena/02_04_Si/A_halfwayto_B_render.png,02_04,Si,siena,A_halfwayto_B_render
268,../../analyses/siena/02_04_Si/A_valid_mask_with_B.png,02_04,Si,siena,A_valid_mask_with_B
269,../../analyses/siena/02_04_Si/B_bet.png,02_04,Si,siena,B_bet
270,../../analyses/siena/02_04_Si/B_halfwayto_A_brain_seg.png,02_04,Si,siena,B_halfwayto_A_brain_seg
271,../../analyses/siena/02_04_Si/B_valid_mask_with_A.png,02_04,Si,siena,B_valid_mask_with_A
272,../../analyses/siena/02_05_GE/A_and_B.gif,02_05,GE,siena,A_and_B
273,../../analyses/siena/02_05_GE/A_bet.png,02_05,GE,siena,A_bet
274,../../analyses/siena/02_05_GE/A_halfwayto_B_brain_seg.png,02_05,GE,siena,A_halfwayto_B_brain_seg
275,../../analyses/siena/02_05_GE/A_halfwayto_B_render.png,02_05,GE,siena,A_halfwayto_B_render
276,../../analyses/siena/02_05_GE/A_valid_mask_with_B.png,02_05,GE,siena,A_valid_mask_with_B
277,../../analyses/siena/02_05_GE/B_bet.png,02_05,GE,siena,B_bet
278,../../analyses/siena/02_05_GE/B_halfwayto_A_brain_seg.png,02_05,GE,siena,B_halfwayto_A_brain_seg
279,../../analyses/siena/02_05_GE/B_valid_mask_with_A.png,02_05,GE,siena,B_valid_mask_with_A
280,../../analyses/siena/02_05_Ph/A_and_B.gif,02_05,Ph,siena,A_and_B
281,../../analyses/siena/02_05_Ph/A_bet.png,02_05,Ph,siena,A_bet
282,../../analyses/siena/02_05_Ph/A_halfwayto_B_brain_seg.png,02_05,Ph,siena,A_halfwayto_B_brain_seg
283,../../analyses/siena/02_05_Ph/A_halfwayto_B_render.png,02_05,Ph,siena,A_halfwayto_B_render
284,../../analyses/siena/02_05_Ph/A_valid_mask_with_B.png,02_05,Ph,siena,A_valid_mask_with_B
285,../../analyses/siena/02_05_Ph/B_bet.png,02_05,Ph,siena,B_bet
286,../../analyses/siena/02_05_Ph/B_halfwayto_A_brain_seg.png,02_05,Ph,siena,B_halfwayto_A_brain_seg
287,../../analyses/siena/02_05_Ph/B_valid_mask_with_A.png,02_05,Ph,siena,B_valid_mask_with_A
288,../../analyses/siena/02_06_GE/A_and_B.gif,02_06,GE,siena,A_and_B
289,../../analyses/siena/02_06_GE/A_bet.png,02_06,GE,siena,A_bet
290,../../analyses/siena/02_06_GE/A_halfwayto_B_brain_seg.png,02_06,GE,siena,A_halfwayto_B_brain_seg
291,../../analyses/siena/02_06_GE/A_halfwayto_B_render.png,02_06,GE,siena,A_halfwayto_B_render
292,../../analyses/siena/02_06_GE/A_valid_mask_with_B.png,02_06,GE,siena,A_valid_mask_with_B
293,../../analyses/siena/02_06_GE/B_bet.png,02_06,GE,siena,B_bet
294,../../analyses/siena/02_06_GE/B_halfwayto_A_brain_seg.png,02_06,GE,siena,B_halfwayto_A_brain_seg
295,../../analyses/siena/02_06_GE/B_valid_mask_with_A.png,02_06,GE,siena,B_valid_mask_with_A
296,../../analyses/siena/02_06_Si/A_and_B.gif,02_06,Si,siena,A_and_B
297,../../analyses/siena/02_06_Si/A_bet.png,02_06,Si,siena,A_bet
298,../../analyses/siena/02_06_Si/A_halfwayto_B_brain_seg.png,02_06,Si,siena,A_halfwayto_B_brain_seg
299,../../analyses/siena/02_06_Si/A_halfwayto_B_render.png,02_06,Si,siena,A_halfwayto_B_render
300,../../analyses/siena/02_06_Si/A_valid_mask_with_B.png,02_06,Si,siena,A_valid_mask_with_B
301,../../analyses/siena/02_06_Si/B_bet.png,02_06,Si,siena,B_bet
302,../../analyses/siena/02_06_Si/B_halfwayto_A_brain_seg.png,02_06,Si,siena,B_halfwayto_A_brain_seg
303,../../analyses/siena/02_06_Si/B_valid_mask_with_A.png,02_06,Si,siena,B_valid_mask_with_A
304,../../analyses/siena/03_01_GE/A_and_B.gif,03_01,GE,siena,A_and_B
305,../../analyses/siena/03_01_GE/A_bet.png,03_01,GE,siena,A_bet
306,../../analyses/siena/03_01_GE/A_halfwayto_B_brain_seg.png,03_01,GE,siena,A_halfwayto_B_brain_seg
307,../../analyses/siena/03_01_GE/A_halfwayto_B_render.png,03_01,GE,siena,A_halfwayto_B_render
308,../../analyses/siena/03_01_GE/A_valid_mask_with_B.png,03_01,GE,siena,A_valid_mask_with_B
309,../../analyses/siena/03_01_GE/B_bet.png,03_01,GE,siena,B_bet
310,../../analyses/siena/03_01_GE/B_halfwayto_A_brain_seg.png,03_01,GE,siena,B_halfwayto_A_brain_seg
311,../../analyses/siena/03_01_GE/B_valid_mask_with_A.png,03_01,GE,siena,B_valid_mask_with_A
312,../../analyses/siena/03_01_Ph/A_and_B.gif,03_01,Ph,siena,A_and_B
313,../../analyses/siena/03_01_Ph/A_bet.png,03_01,Ph,siena,A_bet
314,../../analyses/siena/03_01_Ph/A_halfwayto_B_brain_seg.png,03_01,Ph,siena,A_halfwayto_B_brain_seg
315,../../analyses/siena/03_01_Ph/A_halfwayto_B_render.png,03_01,Ph,siena,A_halfwayto_B_render
316,../../analyses/siena/03_01_Ph/A_valid_mask_with_B.png,03_01,Ph,siena,A_valid_mask_with_B
317,../../analyses/siena/03_01_Ph/B_bet.png,03_01,Ph,siena,B_bet
318,../../analyses/siena/03_01_Ph/B_halfwayto_A_brain_seg.png,03_01,Ph,siena,B_halfwayto_A_brain_seg
319,../../analyses/siena/03_01_Ph/B_valid_mask_with_A.png,03_01,Ph,siena,B_valid_mask_with_A
320,../../analyses/siena/03_01_Si/A_and_B.gif,03_01,Si,siena,A_and_B
321,../../analyses/siena/03_01_Si/A_bet.png,03_01,Si,siena,A_bet
322,../../analyses/siena/03_01_Si/A_halfwayto_B_brain_seg.png,03_01,Si,siena,A_halfwayto_B_brain_seg
323,../../analyses/siena/03_01_Si/A_halfwayto_B_render.png,03_01,Si,siena,A_halfwayto_B_render
324,../../analyses/siena/03_01_Si/A_valid_mask_with_B.png,03_01,Si,siena,A_valid_mask_with_B
325,../../analyses/siena/03_01_Si/B_bet.png,03_01,Si,siena,B_bet
326,../../analyses/siena/03_01_Si/B_halfwayto_A_brain_seg.png,03_01,Si,siena,B_halfwayto_A_brain_seg
327,../../analyses/siena/03_01_Si/B_valid_mask_with_A.png,03_01,Si,siena,B_valid_mask_with_A
328,../../analyses/siena/03_02_GE/A_and_B.gif,03_02,GE,siena,A_and_B
329,../../analyses/siena/03_02_GE/A_bet.png,03_02,GE,siena,A_bet
330,../../analyses/siena/03_02_GE/A_halfwayto_B_brain_seg.png,03_02,GE,siena,A_halfwayto_B_brain_seg
331,../../analyses/siena/03_02_GE/A_halfwayto_B_render.png,03_02,GE,siena,A_halfwayto_B_render
332,../../analyses/siena/03_02_GE/A_valid_mask_with_B.png,03_02,GE,siena,A_valid_mask_with_B
333,../../analyses/siena/03_02_GE/B_bet.png,03_02,GE,siena,B_bet
334,../../analyses/siena/03_02_GE/B_halfwayto_A_brain_seg.png,03_02,GE,siena,B_halfwayto_A_brain_seg
335,../../analyses/siena/03_02_GE/B_valid_mask_with_A.png,03_02,GE,siena,B_valid_mask_with_A
336,../../analyses/siena/03_02_Ph/A_and_B.gif,03_02,Ph,siena,A_and_B
337,../../analyses/siena/03_02_Ph/A_bet.png,03_02,Ph,siena,A_bet
338,../../analyses/siena/03_02_Ph/A_halfwayto_B_brain_seg.png,03_02,Ph,siena,A_halfwayto_B_brain_seg
339,../../analyses/siena/03_02_Ph/A_halfwayto_B_render.png,03_02,Ph,siena,A_halfwayto_B_render
340,../../analyses/siena/03_02_Ph/A_valid_mask_with_B.png,03_02,Ph,siena,A_valid_mask_with_B
341,../../analyses/siena/03_02_Ph/B_bet.png,03_02,Ph,siena,B_bet
342,../../analyses/siena/03_02_Ph/B_halfwayto_A_brain_seg.png,03_02,Ph,siena,B_halfwayto_A_brain_seg
343,../../analyses/siena/03_02_Ph/B_valid_mask_with_A.png,03_02,Ph,siena,B_valid_mask_with_A
344,../../analyses/siena/03_02_Si/A_and_B.gif,03_02,Si,siena,A_and_B
345,../../analyses/siena/03_02_Si/A_bet.png,03_02,Si,siena,A_bet
346,../../analyses/siena/03_02_Si/A_halfwayto_B_brain_seg.png,03_02,Si,siena,A_halfwayto_B_brain_seg
347,../../analyses/siena/03_02_Si/A_halfwayto_B_render.png,03_02,Si,siena,A_halfwayto_B_render
348,../../analyses/siena/03_02_Si/A_valid_mask_with_B.png,03_02,Si,siena,A_valid_mask_with_B
349,../../analyses/siena/03_02_Si/B_bet.png,03_02,Si,siena,B_bet
350,../../analyses/siena/03_02_Si/B_halfwayto_A_brain_seg.png,03_02,Si,siena,B_halfwayto_A_brain_seg
351,../../analyses/siena/03_02_Si/B_valid_mask_with_A.png,03_02,Si,siena,B_valid_mask_with_A
352,../../analyses/siena/03_04_GE/A_and_B.gif,03_04,GE,siena,A_and_B
353,../../analyses/siena/03_04_GE/A_bet.png,03_04,GE,siena,A_bet
354,../../analyses/siena/03_04_GE/A_halfwayto_B_brain_seg.png,03_04,GE,siena,A_halfwayto_B_brain_seg
355,../../analyses/siena/03_04_GE/A_halfwayto_B_render.png,03_04,GE,siena,A_halfwayto_B_render
356,../../analyses/siena/03_04_GE/A_valid_mask_with_B.png,03_04,GE,siena,A_valid_mask_with_B
357,../../analyses/siena/03_04_GE/B_bet.png,03_04,GE,siena,B_bet
358,../../analyses/siena/03_04_GE/B_halfwayto_A_brain_seg.png,03_04,GE,siena,B_halfwayto_A_brain_seg
359,../../analyses/siena/03_04_GE/B_valid_mask_with_A.png,03_04,GE,siena,B_valid_mask_with_A
360,../../analyses/siena/03_04_Ph/A_and_B.gif,03_04,Ph,siena,A_and_B
361,../../analyses/siena/03_04_Ph/A_bet.png,03_04,Ph,siena,A_bet
362,../../analyses/siena/03_04_Ph/A_halfwayto_B_brain_seg.png,03_04,Ph,siena,A_halfwayto_B_brain_seg
363,../../analyses/siena/03_04_Ph/A_halfwayto_B_render.png,03_04,Ph,siena,A_halfwayto_B_render
364,../../analyses/siena/03_04_Ph/A_valid_mask_with_B.png,03_04,Ph,siena,A_valid_mask_with_B
365,../../analyses/siena/03_04_Ph/B_bet.png,03_04,Ph,siena,B_bet
366,../../analyses/siena/03_04_Ph/B_halfwayto_A_brain_seg.png,03_04,Ph,siena,B_halfwayto_A_brain_seg
367,../../analyses/siena/03_04_Ph/B_valid_mask_with_A.png,03_04,Ph,siena,B_valid_mask_with_A
368,../../analyses/siena/03_04_Si/A_and_B.gif,03_04,Si,siena,A_and_B
369,../../analyses/siena/03_04_Si/A_bet.png,03_04,Si,siena,A_bet
370,../../analyses/siena/03_04_Si/A_halfwayto_B_brain_seg.png,03_04,Si,siena,A_halfwayto_B_brain_seg
371,../../analyses/siena/03_04_Si/A_halfwayto_B_render.png,03_04,Si,siena,A_halfwayto_B_render
372,../../analyses/siena/03_04_Si/A_valid_mask_with_B.png,03_04,Si,siena,A_valid_mask_with_B
373,../../analyses/siena/03_04_Si/B_bet.png,03_04,Si,siena,B_bet
374,../../analyses/siena/03_04_Si/B_halfwayto_A_brain_seg.png,03_04,Si,siena,B_halfwayto_A_brain_seg
375,../../analyses/siena/03_04_Si/B_valid_mask_with_A.png,03_04,Si,siena,B_valid_mask_with_A
376,../../analyses/siena/03_05_GE/A_and_B.gif,03_05,GE,siena,A_and_B
377,../../analyses/siena/03_05_GE/A_bet.png,03_05,GE,siena,A_bet
378,../../analyses/siena/03_05_GE/A_halfwayto_B_brain_seg.png,03_05,GE,siena,A_halfwayto_B_brain_seg
379,../../analyses/siena/03_05_GE/A_halfwayto_B_render.png,03_05,GE,siena,A_halfwayto_B_render
380,../../analyses/siena/03_05_GE/A_valid_mask_with_B.png,03_05,GE,siena,A_valid_mask_with_B
381,../../analyses/siena/03_05_GE/B_bet.png,03_05,GE,siena,B_bet
382,../../analyses/siena/03_05_GE/B_halfwayto_A_brain_seg.png,03_05,GE,siena,B_halfwayto_A_brain_seg
383,../../analyses/siena/03_05_GE/B_valid_mask_with_A.png,03_05,GE,siena,B_valid_mask_with_A
384,../../analyses/siena/03_05_Ph/A_and_B.gif,03_05,Ph,siena,A_and_B
385,../../analyses/siena/03_05_Ph/A_bet.png,03_05,Ph,siena,A_bet
386,../../analyses/siena/03_05_Ph/A_halfwayto_B_brain_seg.png,03_05,Ph,siena,A_halfwayto_B_brain_seg
387,../../analyses/siena/03_05_Ph/A_halfwayto_B_render.png,03_05,Ph,siena,A_halfwayto_B_render
388,../../analyses/siena/03_05_Ph/A_valid_mask_with_B.png,03_05,Ph,siena,A_valid_mask_with_B
389,../../analyses/siena/03_05_Ph/B_bet.png,03_05,Ph,siena,B_bet
390,../../analyses/siena/03_05_Ph/B_halfwayto_A_brain_seg.png,03_05,Ph,siena,B_halfwayto_A_brain_seg
391,../../analyses/siena/03_05_Ph/B_valid_mask_with_A.png,03_05,Ph,siena,B_valid_mask_with_A
392,../../analyses/siena/03_06_GE/A_and_B.gif,03_06,GE,siena,A_and_B
393,../../analyses/siena/03_06_GE/A_bet.png,03_06,GE,siena,A_bet
394,../../analyses/siena/03_06_GE/A_halfwayto_B_brain_seg.png,03_06,GE,siena,A_halfwayto_B_brain_seg
395,../../analyses/siena/03_06_GE/A_halfwayto_B_render.png,03_06,GE,siena,A_halfwayto_B_render
396,../../analyses/siena/03_06_GE/A_valid_mask_with_B.png,03_06,GE,siena,A_valid_mask_with_B
397,../../analyses/siena/03_06_GE/B_bet.png,03_06,GE,siena,B_bet
398,../../analyses/siena/03_06_GE/B_halfwayto_A_brain_seg.png,03_06,GE,siena,B_halfwayto_A_brain_seg
399,../../analyses/siena/03_06_GE/B_valid_mask_with_A.png,03_06,GE,siena,B_valid_mask_with_A
400,../../analyses/siena/03_06_Si/A_and_B.gif,03_06,Si,siena,A_and_B
401,../../analyses/siena/03_06_Si/A_bet.png,03_06,Si,siena,A_bet
402,../../analyses/siena/03_06_Si/A_halfwayto_B_brain_seg.png,03_06,Si,siena,A_halfwayto_B_brain_seg
403,../../analyses/siena/03_06_Si/A_halfwayto_B_render.png,03_06,Si,siena,A_halfwayto_B_render
404,../../analyses/siena/03_06_Si/A_valid_mask_with_B.png,03_06,Si,siena,A_valid_mask_with_B
405,../../analyses/siena/03_06_Si/B_bet.png,03_06,Si,siena,B_bet
406,../../analyses/siena/03_06_Si/B_halfwayto_A_brain_seg.png,03_06,Si,siena,B_halfwayto_A_brain_seg
407,../../analyses/siena/03_06_Si/B_valid_mask_with_A.png,03_06,Si,siena,B_valid_mask_with_A
408,../../analyses/siena/04_01_GE/A_and_B.gif,04_01,GE,siena,A_and_B
409,../../analyses/siena/04_01_GE/A_bet.png,04_01,GE,siena,A_bet
410,../../analyses/siena/04_01_GE/A_halfwayto_B_brain_seg.png,04_01,GE,siena,A_halfwayto_B_brain_seg
411,../../analyses/siena/04_01_GE/A_halfwayto_B_render.png,04_01,GE,siena,A_halfwayto_B_render
412,../../analyses/siena/04_01_GE/A_valid_mask_with_B.png,04_01,GE,siena,A_valid_mask_with_B
413,../../analyses/siena/04_01_GE/B_bet.png,04_01,GE,siena,B_bet
414,../../analyses/siena/04_01_GE/B_halfwayto_A_brain_seg.png,04_01,GE,siena,B_halfwayto_A_brain_seg
415,../../analyses/siena/04_01_GE/B_valid_mask_with_A.png,04_01,GE,siena,B_valid_mask_with_A
416,../../analyses/siena/04_01_Ph/A_and_B.gif,04_01,Ph,siena,A_and_B
417,../../analyses/siena/04_01_Ph/A_bet.png,04_01,Ph,siena,A_bet
418,../../analyses/siena/04_01_Ph/A_halfwayto_B_brain_seg.png,04_01,Ph,siena,A_halfwayto_B_brain_seg
419,../../analyses/siena/04_01_Ph/A_halfwayto_B_render.png,04_01,Ph,siena,A_halfwayto_B_render
420,../../analyses/siena/04_01_Ph/A_valid_mask_with_B.png,04_01,Ph,siena,A_valid_mask_with_B
421,../../analyses/siena/04_01_Ph/B_bet.png,04_01,Ph,siena,B_bet
422,../../analyses/siena/04_01_Ph/B_halfwayto_A_brain_seg.png,04_01,Ph,siena,B_halfwayto_A_brain_seg
423,../../analyses/siena/04_01_Ph/B_valid_mask_with_A.png,04_01,Ph,siena,B_valid_mask_with_A
424,../../analyses/siena/04_01_Si/A_and_B.gif,04_01,Si,siena,A_and_B
425,../../analyses/siena/04_01_Si/A_bet.png,04_01,Si,siena,A_bet
426,../../analyses/siena/04_01_Si/A_halfwayto_B_brain_seg.png,04_01,Si,siena,A_halfwayto_B_brain_seg
427,../../analyses/siena/04_01_Si/A_halfwayto_B_render.png,04_01,Si,siena,A_halfwayto_B_render
428,../../analyses/siena/04_01_Si/A_valid_mask_with_B.png,04_01,Si,siena,A_valid_mask_with_B
429,../../analyses/siena/04_01_Si/B_bet.png,04_01,Si,siena,B_bet
430,../../analyses/siena/04_01_Si/B_halfwayto_A_brain_seg.png,04_01,Si,siena,B_halfwayto_A_brain_seg
431,../../analyses/siena/04_01_Si/B_valid_mask_with_A.png,04_01,Si,siena,B_valid_mask_with_A
432,../../analyses/siena/04_02_GE/A_and_B.gif,04_02,GE,siena,A_and_B
433,../../analyses/siena/04_02_GE/A_bet.png,04_02,GE,siena,A_bet
434,../../analyses/siena/04_02_GE/A_halfwayto_B_brain_seg.png,04_02,GE,siena,A_halfwayto_B_brain_seg
435,../../analyses/siena/04_02_GE/A_halfwayto_B_render.png,04_02,GE,siena,A_halfwayto_B_render
436,../../analyses/siena/04_02_GE/A_valid_mask_with_B.png,04_02,GE,siena,A_valid_mask_with_B
437,../../analyses/siena/04_02_GE/B_bet.png,04_02,GE,siena,B_bet
438,../../analyses/siena/04_02_GE/B_halfwayto_A_brain_seg.png,04_02,GE,siena,B_halfwayto_A_brain_seg
439,../../analyses/siena/04_02_GE/B_valid_mask_with_A.png,04_02,GE,siena,B_valid_mask_with_A
440,../../analyses/siena/04_02_Ph/A_and_B.gif,04_02,Ph,siena,A_and_B
441,../../analyses/siena/04_02_Ph/A_bet.png,04_02,Ph,siena,A_bet
442,../../analyses/siena/04_02_Ph/A_halfwayto_B_brain_seg.png,04_02,Ph,siena,A_halfwayto_B_brain_seg
443,../../analyses/siena/04_02_Ph/A_halfwayto_B_render.png,04_02,Ph,siena,A_halfwayto_B_render
444,../../analyses/siena/04_02_Ph/A_valid_mask_with_B.png,04_02,Ph,siena,A_valid_mask_with_B
445,../../analyses/siena/04_02_Ph/B_bet.png,04_02,Ph,siena,B_bet
446,../../analyses/siena/04_02_Ph/B_halfwayto_A_brain_seg.png,04_02,Ph,siena,B_halfwayto_A_brain_seg
447,../../analyses/siena/04_02_Ph/B_valid_mask_with_A.png,04_02,Ph,siena,B_valid_mask_with_A
448,../../analyses/siena/04_02_Si/A_and_B.gif,04_02,Si,siena,A_and_B
449,../../analyses/siena/04_02_Si/A_bet.png,04_02,Si,siena,A_bet
450,../../analyses/siena/04_02_Si/A_halfwayto_B_brain_seg.png,04_02,Si,siena,A_halfwayto_B_brain_seg
451,../../analyses/siena/04_02_Si/A_halfwayto_B_render.png,04_02,Si,siena,A_halfwayto_B_render
452,../../analyses/siena/04_02_Si/A_valid_mask_with_B.png,04_02,Si,siena,A_valid_mask_with_B
453,../../analyses/siena/04_02_Si/B_bet.png,04_02,Si,siena,B_bet
454,../../analyses/siena/04_02_Si/B_halfwayto_A_brain_seg.png,04_02,Si,siena,B_halfwayto_A_brain_seg
455,../../analyses/siena/04_02_Si/B_valid_mask_with_A.png,04_02,Si,siena,B_valid_mask_with_A
456,../../analyses/siena/04_03_GE/A_and_B.gif,04_03,GE,siena,A_and_B
457,../../analyses/siena/04_03_GE/A_bet.png,04_03,GE,siena,A_bet
458,../../analyses/siena/04_03_GE/A_halfwayto_B_brain_seg.png,04_03,GE,siena,A_halfwayto_B_brain_seg
459,../../analyses/siena/04_03_GE/A_halfwayto_B_render.png,04_03,GE,siena,A_halfwayto_B_render
460,../../analyses/siena/04_03_GE/A_valid_mask_with_B.png,04_03,GE,siena,A_valid_mask_with_B
461,../../analyses/siena/04_03_GE/B_bet.png,04_03,GE,siena,B_bet
462,../../analyses/siena/04_03_GE/B_halfwayto_A_brain_seg.png,04_03,GE,siena,B_halfwayto_A_brain_seg
463,../../analyses/siena/04_03_GE/B_valid_mask_with_A.png,04_03,GE,siena,B_valid_mask_with_A
464,../../analyses/siena/04_03_Ph/A_and_B.gif,04_03,Ph,siena,A_and_B
465,../../analyses/siena/04_03_Ph/A_bet.png,04_03,Ph,siena,A_bet
466,../../analyses/siena/04_03_Ph/A_halfwayto_B_brain_seg.png,04_03,Ph,siena,A_halfwayto_B_brain_seg
467,../../analyses/siena/04_03_Ph/A_halfwayto_B_render.png,04_03,Ph,siena,A_halfwayto_B_render
468,../../analyses/siena/04_03_Ph/A_valid_mask_with_B.png,04_03,Ph,siena,A_valid_mask_with_B
469,../../analyses/siena/04_03_Ph/B_bet.png,04_03,Ph,siena,B_bet
470,../../analyses/siena/04_03_Ph/B_halfwayto_A_brain_seg.png,04_03,Ph,siena,B_halfwayto_A_brain_seg
471,../../analyses/siena/04_03_Ph/B_valid_mask_with_A.png,04_03,Ph,siena,B_valid_mask_with_A
472,../../analyses/siena/04_03_Si/A_and_B.gif,04_03,Si,siena,A_and_B
473,../../analyses/siena/04_03_Si/A_bet.png,04_03,Si,siena,A_bet
474,../../analyses/siena/04_03_Si/A_halfwayto_B_brain_seg.png,04_03,Si,siena,A_halfwayto_B_brain_seg
475,../../analyses/siena/04_03_Si/A_halfwayto_B_render.png,04_03,Si,siena,A_halfwayto_B_render
476,../../analyses/siena/04_03_Si/A_valid_mask_with_B.png,04_03,Si,siena,A_valid_mask_with_B
477,../../analyses/siena/04_03_Si/B_bet.png,04_03,Si,siena,B_bet
478,../../analyses/siena/04_03_Si/B_halfwayto_A_brain_seg.png,04_03,Si,siena,B_halfwayto_A_brain_seg
479,../../analyses/siena/04_03_Si/B_valid_mask_with_A.png,04_03,Si,siena,B_valid_mask_with_A
480,../../analyses/siena/04_05_GE/A_and_B.gif,04_05,GE,siena,A_and_B
481,../../analyses/siena/04_05_GE/A_bet.png,04_05,GE,siena,A_bet
482,../../analyses/siena/04_05_GE/A_halfwayto_B_brain_seg.png,04_05,GE,siena,A_halfwayto_B_brain_seg
483,../../analyses/siena/04_05_GE/A_halfwayto_B_render.png,04_05,GE,siena,A_halfwayto_B_render
484,../../analyses/siena/04_05_GE/A_valid_mask_with_B.png,04_05,GE,siena,A_valid_mask_with_B
485,../../analyses/siena/04_05_GE/B_bet.png,04_05,GE,siena,B_bet
486,../../analyses/siena/04_05_GE/B_halfwayto_A_brain_seg.png,04_05,GE,siena,B_halfwayto_A_brain_seg
487,../../analyses/siena/04_05_GE/B_valid_mask_with_A.png,04_05,GE,siena,B_valid_mask_with_A
488,../../analyses/siena/04_05_Ph/A_and_B.gif,04_05,Ph,siena,A_and_B
489,../../analyses/siena/04_05_Ph/A_bet.png,04_05,Ph,siena,A_bet
490,../../analyses/siena/04_05_Ph/A_halfwayto_B_brain_seg.png,04_05,Ph,siena,A_halfwayto_B_brain_seg
491,../../analyses/siena/04_05_Ph/A_halfwayto_B_render.png,04_05,Ph,siena,A_halfwayto_B_render
492,../../analyses/siena/04_05_Ph/A_valid_mask_with_B.png,04_05,Ph,siena,A_valid_mask_with_B
493,../../analyses/siena/04_05_Ph/B_bet.png,04_05,Ph,siena,B_bet
494,../../analyses/siena/04_05_Ph/B_halfwayto_A_brain_seg.png,04_05,Ph,siena,B_halfwayto_A_brain_seg
495,../../analyses/siena/04_05_Ph/B_valid_mask_with_A.png,04_05,Ph,siena,B_valid_mask_with_A
496,../../analyses/siena/04_06_GE/A_and_B.gif,04_06,GE,siena,A_and_B
497,../../analyses/siena/04_06_GE/A_bet.png,04_06,GE,siena,A_bet
498,../../analyses/siena/04_06_GE/A_halfwayto_B_brain_seg.png,04_06,GE,siena,A_halfwayto_B_brain_seg
499,../../analyses/siena/04_06_GE/A_halfwayto_B_render.png,04_06,GE,siena,A_halfwayto_B_render
500,../../analyses/siena/04_06_GE/A_valid_mask_with_B.png,04_06,GE,siena,A_valid_mask_with_B
501,../../analyses/siena/04_06_GE/B_bet.png,04_06,GE,siena,B_bet
502,../../analyses/siena/04_06_GE/B_halfwayto_A_brain_seg.png,04_06,GE,siena,B_halfwayto_A_brain_seg
503,../../analyses/siena/04_06_GE/B_valid_mask_with_A.png,04_06,GE,siena,B_valid_mask_with_A
504,../../analyses/siena/04_06_Si/A_and_B.gif,04_06,Si,siena,A_and_B
505,../../analyses/siena/04_06_Si/A_bet.png,04_06,Si,siena,A_bet
506,../../analyses/siena/04_06_Si/A_halfwayto_B_brain_seg.png,04_06,Si,siena,A_halfwayto_B_brain_seg
507,../../analyses/siena/04_06_Si/A_halfwayto_B_render.png,04_06,Si,siena,A_halfwayto_B_render
508,../../analyses/siena/04_06_Si/A_valid_mask_with_B.png,04_06,Si,siena,A_valid_mask_with_B
509,../../analyses/siena/04_06_Si/B_bet.png,04_06,Si,siena,B_bet
510,../../analyses/siena/04_06_Si/B_halfwayto_A_brain_seg.png,04_06,Si,siena,B_halfwayto_A_brain_seg
511,../../analyses/siena/04_06_Si/B_valid_mask_with_A.png,04_06,Si,siena,B_valid_mask_with_A
512,../../analyses/siena/05_01_GE/A_and_B.gif,05_01,GE,siena,A_and_B
513,../../analyses/siena/05_01_GE/A_bet.png,05_01,GE,siena,A_bet
514,../../analyses/siena/05_01_GE/A_halfwayto_B_brain_seg.png,05_01,GE,siena,A_halfwayto_B_brain_seg
515,../../analyses/siena/05_01_GE/A_halfwayto_B_render.png,05_01,GE,siena,A_halfwayto_B_render
516,../../analyses/siena/05_01_GE/A_valid_mask_with_B.png,05_01,GE,siena,A_valid_mask_with_B
517,../../analyses/siena/05_01_GE/B_bet.png,05_01,GE,siena,B_bet
518,../../analyses/siena/05_01_GE/B_halfwayto_A_brain_seg.png,05_01,GE,siena,B_halfwayto_A_brain_seg
519,../../analyses/siena/05_01_GE/B_valid_mask_with_A.png,05_01,GE,siena,B_valid_mask_with_A
520,../../analyses/siena/05_01_Ph/A_and_B.gif,05_01,Ph,siena,A_and_B
521,../../analyses/siena/05_01_Ph/A_bet.png,05_01,Ph,siena,A_bet
522,../../analyses/siena/05_01_Ph/A_halfwayto_B_brain_seg.png,05_01,Ph,siena,A_halfwayto_B_brain_seg
523,../../analyses/siena/05_01_Ph/A_halfwayto_B_render.png,05_01,Ph,siena,A_halfwayto_B_render
524,../../analyses/siena/05_01_Ph/A_valid_mask_with_B.png,05_01,Ph,siena,A_valid_mask_with_B
525,../../analyses/siena/05_01_Ph/B_bet.png,05_01,Ph,siena,B_bet
526,../../analyses/siena/05_01_Ph/B_halfwayto_A_brain_seg.png,05_01,Ph,siena,B_halfwayto_A_brain_seg
527,../../analyses/siena/05_01_Ph/B_valid_mask_with_A.png,05_01,Ph,siena,B_valid_mask_with_A
528,../../analyses/siena/05_02_GE/A_and_B.gif,05_02,GE,siena,A_and_B
529,../../analyses/siena/05_02_GE/A_bet.png,05_02,GE,siena,A_bet
530,../../analyses/siena/05_02_GE/A_halfwayto_B_brain_seg.png,05_02,GE,siena,A_halfwayto_B_brain_seg
531,../../analyses/siena/05_02_GE/A_halfwayto_B_render.png,05_02,GE,siena,A_halfwayto_B_render
532,../../analyses/siena/05_02_GE/A_valid_mask_with_B.png,05_02,GE,siena,A_valid_mask_with_B
533,../../analyses/siena/05_02_GE/B_bet.png,05_02,GE,siena,B_bet
534,../../analyses/siena/05_02_GE/B_halfwayto_A_brain_seg.png,05_02,GE,siena,B_halfwayto_A_brain_seg
535,../../analyses/siena/05_02_GE/B_valid_mask_with_A.png,05_02,GE,siena,B_valid_mask_with_A
536,../../analyses/siena/05_02_Ph/A_and_B.gif,05_02,Ph,siena,A_and_B
537,../../analyses/siena/05_02_Ph/A_bet.png,05_02,Ph,siena,A_bet
538,../../analyses/siena/05_02_Ph/A_halfwayto_B_brain_seg.png,05_02,Ph,siena,A_halfwayto_B_brain_seg
539,../../analyses/siena/05_02_Ph/A_halfwayto_B_render.png,05_02,Ph,siena,A_halfwayto_B_render
540,../../analyses/siena/05_02_Ph/A_valid_mask_with_B.png,05_02,Ph,siena,A_valid_mask_with_B
541,../../analyses/siena/05_02_Ph/B_bet.png,05_02,Ph,siena,B_bet
542,../../analyses/siena/05_02_Ph/B_halfwayto_A_brain_seg.png,05_02,Ph,siena,B_halfwayto_A_brain_seg
543,../../analyses/siena/05_02_Ph/B_valid_mask_with_A.png,05_02,Ph,siena,B_valid_mask_with_A
544,../../analyses/siena/05_03_GE/A_and_B.gif,05_03,GE,siena,A_and_B
545,../../analyses/siena/05_03_GE/A_bet.png,05_03,GE,siena,A_bet
546,../../analyses/siena/05_03_GE/A_halfwayto_B_brain_seg.png,05_03,GE,siena,A_halfwayto_B_brain_seg
547,../../analyses/siena/05_03_GE/A_halfwayto_B_render.png,05_03,GE,siena,A_halfwayto_B_render
548,../../analyses/siena/05_03_GE/A_valid_mask_with_B.png,05_03,GE,siena,A_valid_mask_with_B
549,../../analyses/siena/05_03_GE/B_bet.png,05_03,GE,siena,B_bet
550,../../analyses/siena/05_03_GE/B_halfwayto_A_brain_seg.png,05_03,GE,siena,B_halfwayto_A_brain_seg
551,../../analyses/siena/05_03_GE/B_valid_mask_with_A.png,05_03,GE,siena,B_valid_mask_with_A
552,../../analyses/siena/05_03_Ph/A_and_B.gif,05_03,Ph,siena,A_and_B
553,../../analyses/siena/05_03_Ph/A_bet.png,05_03,Ph,siena,A_bet
554,../../analyses/siena/05_03_Ph/A_halfwayto_B_brain_seg.png,05_03,Ph,siena,A_halfwayto_B_brain_seg
555,../../analyses/siena/05_03_Ph/A_halfwayto_B_render.png,05_03,Ph,siena,A_halfwayto_B_render
556,../../analyses/siena/05_03_Ph/A_valid_mask_with_B.png,05_03,Ph,siena,A_valid_mask_with_B
557,../../analyses/siena/05_03_Ph/B_bet.png,05_03,Ph,siena,B_bet
558,../../analyses/siena/05_03_Ph/B_halfwayto_A_brain_seg.png,05_03,Ph,siena,B_halfwayto_A_brain_seg
559,../../analyses/siena/05_03_Ph/B_valid_mask_with_A.png,05_03,Ph,siena,B_valid_mask_with_A
560,../../analyses/siena/05_04_GE/A_and_B.gif,05_04,GE,siena,A_and_B
561,../../analyses/siena/05_04_GE/A_bet.png,05_04,GE,siena,A_bet
562,../../analyses/siena/05_04_GE/A_halfwayto_B_brain_seg.png,05_04,GE,siena,A_halfwayto_B_brain_seg
563,../../analyses/siena/05_04_GE/A_halfwayto_B_render.png,05_04,GE,siena,A_halfwayto_B_render
564,../../analyses/siena/05_04_GE/A_valid_mask_with_B.png,05_04,GE,siena,A_valid_mask_with_B
565,../../analyses/siena/05_04_GE/B_bet.png,05_04,GE,siena,B_bet
566,../../analyses/siena/05_04_GE/B_halfwayto_A_brain_seg.png,05_04,GE,siena,B_halfwayto_A_brain_seg
567,../../analyses/siena/05_04_GE/B_valid_mask_with_A.png,05_04,GE,siena,B_valid_mask_with_A
568,../../analyses/siena/05_04_Ph/A_and_B.gif,05_04,Ph,siena,A_and_B
569,../../analyses/siena/05_04_Ph/A_bet.png,05_04,Ph,siena,A_bet
570,../../analyses/siena/05_04_Ph/A_halfwayto_B_brain_seg.png,05_04,Ph,siena,A_halfwayto_B_brain_seg
571,../../analyses/siena/05_04_Ph/A_halfwayto_B_render.png,05_04,Ph,siena,A_halfwayto_B_render
572,../../analyses/siena/05_04_Ph/A_valid_mask_with_B.png,05_04,Ph,siena,A_valid_mask_with_B
573,../../analyses/siena/05_04_Ph/B_bet.png,05_04,Ph,siena,B_bet
574,../../analyses/siena/05_04_Ph/B_halfwayto_A_brain_seg.png,05_04,Ph,siena,B_halfwayto_A_brain_seg
575,../../analyses/siena/05_04_Ph/B_valid_mask_with_A.png,05_04,Ph,siena,B_valid_mask_with_A
576,../../analyses/siena/05_06_GE/A_and_B.gif,05_06,GE,siena,A_and_B
577,../../analyses/siena/05_06_GE/A_bet.png,05_06,GE,siena,A_bet
578,../../analyses/siena/05_06_GE/A_halfwayto_B_brain_seg.png,05_06,GE,siena,A_halfwayto_B_brain_seg
579,../../analyses/siena/05_06_GE/A_halfwayto_B_render.png,05_06,GE,siena,A_halfwayto_B_render
580,../../analyses/siena/05_06_GE/A_valid_mask_with_B.png,05_06,GE,siena,A_valid_mask_with_B
581,../../analyses/siena/05_06_GE/B_bet.png,05_06,GE,siena,B_bet
582,../../analyses/siena/05_06_GE/B_halfwayto_A_brain_seg.png,05_06,GE,siena,B_halfwayto_A_brain_seg
583,../../analyses/siena/05_06_GE/B_valid_mask_with_A.png,05_06,GE,siena,B_valid_mask_with_A
584,../../analyses/siena/06_01_GE/A_and_B.gif,06_01,GE,siena,A_and_B
585,../../analyses/siena/06_01_GE/A_bet.png,06_01,GE,siena,A_bet
586,../../analyses/siena/06_01_GE/A_halfwayto_B_brain_seg.png,06_01,GE,siena,A_halfwayto_B_brain_seg
587,../../analyses/siena/06_01_GE/A_halfwayto_B_render.png,06_01,GE,siena,A_halfwayto_B_render
588,../../analyses/siena/06_01_GE/A_valid_mask_with_B.png,06_01,GE,siena,A_valid_mask_with_B
589,../../analyses/siena/06_01_GE/B_bet.png,06_01,GE,siena,B_bet
590,../../analyses/siena/06_01_GE/B_halfwayto_A_brain_seg.png,06_01,GE,siena,B_halfwayto_A_brain_seg
591,../../analyses/siena/06_01_GE/B_valid_mask_with_A.png,06_01,GE,siena,B_valid_mask_with_A
592,../../analyses/siena/06_01_Si/A_and_B.gif,06_01,Si,siena,A_and_B
593,../../analyses/siena/06_01_Si/A_bet.png,06_01,Si,siena,A_bet
594,../../analyses/siena/06_01_Si/A_halfwayto_B_brain_seg.png,06_01,Si,siena,A_halfwayto_B_brain_seg
595,../../analyses/siena/06_01_Si/A_halfwayto_B_render.png,06_01,Si,siena,A_halfwayto_B_render
596,../../analyses/siena/06_01_Si/A_valid_mask_with_B.png,06_01,Si,siena,A_valid_mask_with_B
597,../../analyses/siena/06_01_Si/B_bet.png,06_01,Si,siena,B_bet
598,../../analyses/siena/06_01_Si/B_halfwayto_A_brain_seg.png,06_01,Si,siena,B_halfwayto_A_brain_seg
599,../../analyses/siena/06_01_Si/B_valid_mask_with_A.png,06_01,Si,siena,B_valid_mask_with_A
600,../../analyses/siena/06_02_GE/A_and_B.gif,06_02,GE,siena,A_and_B
601,../../analyses/siena/06_02_GE/A_bet.png,06_02,GE,siena,A_bet
602,../../analyses/siena/06_02_GE/A_halfwayto_B_brain_seg.png,06_02,GE,siena,A_halfwayto_B_brain_seg
603,../../analyses/siena/06_02_GE/A_halfwayto_B_render.png,06_02,GE,siena,A_halfwayto_B_render
604,../../analyses/siena/06_02_GE/A_valid_mask_with_B.png,06_02,GE,siena,A_valid_mask_with_B
605,../../analyses/siena/06_02_GE/B_bet.png,06_02,GE,siena,B_bet
606,../../analyses/siena/06_02_GE/B_halfwayto_A_brain_seg.png,06_02,GE,siena,B_halfwayto_A_brain_seg
607,../../analyses/siena/06_02_GE/B_valid_mask_with_A.png,06_02,GE,siena,B_valid_mask_with_A
608,../../analyses/siena/06_02_Si/A_and_B.gif,06_02,Si,siena,A_and_B
609,../../analyses/siena/06_02_Si/A_bet.png,06_02,Si,siena,A_bet
610,../../analyses/siena/06_02_Si/A_halfwayto_B_brain_seg.png,06_02,Si,siena,A_halfwayto_B_brain_seg
611,../../analyses/siena/06_02_Si/A_halfwayto_B_render.png,06_02,Si,siena,A_halfwayto_B_render
612,../../analyses/siena/06_02_Si/A_valid_mask_with_B.png,06_02,Si,siena,A_valid_mask_with_B
613,../../analyses/siena/06_02_Si/B_bet.png,06_02,Si,siena,B_bet
614,../../analyses/siena/06_02_Si/B_halfwayto_A_brain_seg.png,06_02,Si,siena,B_halfwayto_A_brain_seg
615,../../analyses/siena/06_02_Si/B_valid_mask_with_A.png,06_02,Si,siena,B_valid_mask_with_A
616,../../analyses/siena/06_03_GE/A_and_B.gif,06_03,GE,siena,A_and_B
617,../../analyses/siena/06_03_GE/A_bet.png,06_03,GE,siena,A_bet
618,../../analyses/siena/06_03_GE/A_halfwayto_B_brain_seg.png,06_03,GE,siena,A_halfwayto_B_brain_seg
619,../../analyses/siena/06_03_GE/A_halfwayto_B_render.png,06_03,GE,siena,A_halfwayto_B_render
620,../../analyses/siena/06_03_GE/A_valid_mask_with_B.png,06_03,GE,siena,A_valid_mask_with_B
621,../../analyses/siena/06_03_GE/B_bet.png,06_03,GE,siena,B_bet
622,../../analyses/siena/06_03_GE/B_halfwayto_A_brain_seg.png,06_03,GE,siena,B_halfwayto_A_brain_seg
623,../../analyses/siena/06_03_GE/B_valid_mask_with_A.png,06_03,GE,siena,B_valid_mask_with_A
624,../../analyses/siena/06_03_Si/A_and_B.gif,06_03,Si,siena,A_and_B
625,../../analyses/siena/06_03_Si/A_bet.png,06_03,Si,siena,A_bet
626,../../analyses/siena/06_03_Si/A_halfwayto_B_brain_seg.png,06_03,Si,siena,A_halfwayto_B_brain_seg
627,../../analyses/siena/06_03_Si/A_halfwayto_B_render.png,06_03,Si,siena,A_halfwayto_B_render
628,../../analyses/siena/06_03_Si/A_valid_mask_with_B.png,06_03,Si,siena,A_valid_mask_with_B
629,../../analyses/siena/06_03_Si/B_bet.png,06_03,Si,siena,B_bet
630,../../analyses/siena/06_03_Si/B_halfwayto_A_brain_seg.png,06_03,Si,siena,B_halfwayto_A_brain_seg
631,../../analyses/siena/06_03_Si/B_valid_mask_with_A.png,06_03,Si,siena,B_valid_mask_with_A
632,../../analyses/siena/06_04_GE/A_and_B.gif,06_04,GE,siena,A_and_B
633,../../analyses/siena/06_04_GE/A_bet.png,06_04,GE,siena,A_bet
634,../../analyses/siena/06_04_GE/A_halfwayto_B_brain_seg.png,06_04,GE,siena,A_halfwayto_B_brain_seg
635,../../analyses/siena/06_04_GE/A_halfwayto_B_render.png,06_04,GE,siena,A_halfwayto_B_render
636,../../analyses/siena/06_04_GE/A_valid_mask_with_B.png,06_04,GE,siena,A_valid_mask_with_B
637,../../analyses/siena/06_04_GE/B_bet.png,06_04,GE,siena,B_bet
638,../../analyses/siena/06_04_GE/B_halfwayto_A_brain_seg.png,06_04,GE,siena,B_halfwayto_A_brain_seg
639,../../analyses/siena/06_04_GE/B_valid_mask_with_A.png,06_04,GE,siena,B_valid_mask_with_A
640,../../analyses/siena/06_04_Si/A_and_B.gif,06_04,Si,siena,A_and_B
641,../../analyses/siena/06_04_Si/A_bet.png,06_04,Si,siena,A_bet
642,../../analyses/siena/06_04_Si/A_halfwayto_B_brain_seg.png,06_04,Si,siena,A_halfwayto_B_brain_seg
643,../../analyses/siena/06_04_Si/A_halfwayto_B_render.png,06_04,Si,siena,A_halfwayto_B_render
644,../../analyses/siena/06_04_Si/A_valid_mask_with_B.png,06_04,Si,siena,A_valid_mask_with_B
645,../../analyses/siena/06_04_Si/B_bet.png,06_04,Si,siena,B_bet
646,../../analyses/siena/06_04_Si/B_halfwayto_A_brain_seg.png,06_04,Si,siena,B_halfwayto_A_brain_seg
647,../../analyses/siena/06_04_Si/B_valid_mask_with_A.png,06_04,Si,siena,B_valid_mask_with_A
648,../../analyses/siena/06_05_GE/A_and_B.gif,06_05,GE,siena,A_and_B
649,../../analyses/siena/06_05_GE/A_bet.png,06_05,GE,siena,A_bet
650,../../analyses/siena/06_05_GE/A_halfwayto_B_brain_seg.png,06_05,GE,siena,A_halfwayto_B_brain_seg
651,../../analyses/siena/06_05_GE/A_halfwayto_B_render.png,06_05,GE,siena,A_halfwayto_B_render
652,../../analyses/siena/06_05_GE/A_valid_mask_with_B.png,06_05,GE,siena,A_valid_mask_with_B
653,../../analyses/siena/06_05_GE/B_bet.png,06_05,GE,siena,B_bet
654,../../analyses/siena/06_05_GE/B_halfwayto_A_brain_seg.png,06_05,GE,siena,B_halfwayto_A_brain_seg
655,../../analyses/siena/06_05_GE/B_valid_mask_with_A.png,06_05,GE,siena,B_valid_mask_with_A
